Date,Time,ID,TDS,Light Intensity,pH,Air Temperature,Humidity,EC,Label
2022-05-20,04:14:05,40TWL4,843,974,4.291,24,26,2.59,12
2022-05-20,04:14:10,40TWL4,743,800,4.989,22,65,2.535,12
2022-05-20,04:14:15,40TWL4,927,879,4.999,28,27,2.194,12
2022-05-20,04:14:20,40TWL4,920,908,5.272,38,55,2.538,12
2022-05-20,04:14:25,40TWL4,856,840,5.081,38,32,2.035,12
2022-05-20,04:14:30,40TWL4,847,895,4.287,33,39,3.01,12
2022-05-20,04:14:35,40TWL4,990,977,4.754,38,5,2.488,12
2022-05-20,04:14:40,40TWL4,949,824,4.79,20,84,3.213,12
2022-05-20,04:14:45,40TWL4,882,848,4.524,33,39,2.063,12
2022-05-20,04:14:50,40TWL4,835,812,5.241,30,99,2.734,12
2022-05-20,04:14:55,40TWL4,977,994,5.277,34,7,2.681,12
2022-05-20,04:15:00,40TWL4,954,931,4.111,35,58,2.812,12
2022-05-20,04:15:05,40TWL4,868,810,4.695,28,40,3.232,12
2022-05-20,04:15:10,40TWL4,730,977,4.191,27,9,3.249,12
2022-05-20,04:15:15,40TWL4,805,851,5.199,28,4,2.087,12
2022-05-20,04:15:20,40TWL4,904,825,4.259,32,55,3.477,12
2022-05-20,04:15:25,40TWL4,847,987,5.183,28,41,2.025,12
2022-05-20,04:15:30,40TWL4,912,866,4.8,37,72,2.576,12
2022-05-20,04:15:35,40TWL4,966,943,4.071,20,73,2.769,12
2022-05-20,04:15:40,40TWL4,873,903,4.773,23,41,3.025,12
2022-05-20,04:15:45,40TWL4,916,973,4.837,25,67,3.275,12
2022-05-20,04:15:50,40TWL4,722,912,5.389,22,33,2.461,12
2022-05-20,04:15:55,40TWL4,831,833,4.628,29,49,2.664,12
2022-05-20,04:16:00,40TWL4,948,880,4.14,25,55,3.067,12
2022-05-20,04:16:05,40TWL4,923,833,4.165,22,56,3.168,12
2022-05-20,04:16:10,40TWL4,841,863,4.422,22,53,2.732,12
2022-05-20,04:16:15,40TWL4,717,877,4.916,26,84,3.47,12
2022-05-20,04:16:20,40TWL4,998,831,5.436,29,55,3.252,12
2022-05-20,04:16:25,40TWL4,901,810,4.799,24,34,2.583,12
2022-05-20,04:16:30,40TWL4,864,825,4.182,21,85,3.21,12
2022-05-20,04:16:35,40TWL4,904,970,4.393,21,45,3.041,12
2022-05-20,04:16:40,40TWL4,761,996,5.189,32,17,3.247,12
2022-05-20,04:16:45,40TWL4,722,948,4.134,36,24,2.577,12
2022-05-20,04:16:50,40TWL4,864,865,4.86,29,62,2.196,12
2022-05-20,04:16:55,40TWL4,918,992,4.453,21,44,2.122,12
2022-05-20,04:17:00,40TWL4,835,871,5.026,35,54,2.719,12
2022-05-20,04:17:05,40TWL4,882,903,5.446,36,17,2.105,12
2022-05-20,04:17:10,40TWL4,786,928,4.097,35,70,3.442,12
2022-05-20,04:17:15,40TWL4,799,975,4.921,40,10,3.005,12
2022-05-20,04:17:20,40TWL4,942,905,5.398,36,60,2.9,12
2022-05-20,04:17:25,40TWL4,747,947,4.259,40,10,2.103,12
2022-05-20,04:17:30,40TWL4,854,973,5.429,37,36,3.378,12
2022-05-20,04:17:35,40TWL4,966,813,4.651,36,49,2.5,12
2022-05-20,04:17:40,40TWL4,805,953,4.75,33,96,3.138,12
2022-05-20,04:17:45,40TWL4,927,971,5.408,25,69,2.489,12
2022-05-20,04:17:50,40TWL4,930,948,4.679,39,57,3.057,12
2022-05-20,04:17:55,40TWL4,942,868,4.993,20,36,2.492,12
2022-05-20,04:18:00,40TWL4,748,987,4.037,22,23,2.452,12
2022-05-20,04:18:05,40TWL4,994,819,4.336,22,23,2.85,12
2022-05-20,04:18:10,40TWL4,849,885,4.431,27,49,2.783,12
2022-05-20,04:18:15,40TWL4,922,985,5.373,25,51,3.097,12
2022-05-20,04:18:20,40TWL4,940,869,4.171,24,41,2.016,12
2022-05-20,04:18:25,40TWL4,718,802,5.316,29,14,2.465,12
2022-05-20,04:18:30,40TWL4,726,862,4.556,27,39,3.311,12
2022-05-20,04:18:35,40TWL4,939,889,4.944,28,58,3.283,12
2022-05-20,04:18:40,40TWL4,718,924,4.727,32,89,2.934,12
2022-05-20,04:18:45,40TWL4,972,807,4.928,27,67,2.724,12
2022-05-20,04:18:50,40TWL4,866,930,4.907,39,2,3.008,12
2022-05-20,04:18:55,40TWL4,740,871,5.137,38,18,2.133,12
2022-05-20,04:19:00,40TWL4,884,981,4.511,27,29,3.419,12
2022-05-20,04:19:05,40TWL4,735,839,4.018,28,10,3.139,12
2022-05-20,04:19:10,40TWL4,971,828,4.332,34,13,2.077,12
2022-05-20,04:19:15,40TWL4,964,865,4.177,33,78,3.02,12
2022-05-20,04:19:20,40TWL4,939,869,4.818,24,53,2.007,12
2022-05-20,04:19:25,40TWL4,707,858,5.306,36,51,2.689,12
2022-05-20,04:19:30,40TWL4,783,957,5.092,30,25,2.43,12
2022-05-20,04:19:35,40TWL4,746,940,4.374,31,20,2.921,12
2022-05-20,04:19:40,40TWL4,803,864,5.027,26,88,2.804,12
2022-05-20,04:19:45,40TWL4,833,865,5.227,28,7,2.279,12
2022-05-20,04:19:50,40TWL4,812,901,4.552,25,80,2.396,12
2022-05-20,04:19:55,40TWL4,762,905,4.415,22,50,2.312,12
2022-05-20,04:20:00,40TWL4,872,983,4.514,36,5,3.416,12
2022-05-20,04:20:05,40TWL4,847,873,5.093,32,22,3.432,12
2022-05-20,04:20:10,40TWL4,971,885,5.446,28,77,3.075,12
2022-05-20,04:20:15,40TWL4,847,942,4.053,21,87,3.334,12
2022-05-20,04:20:20,40TWL4,762,984,5.448,29,34,3.016,12
2022-05-20,04:20:25,40TWL4,765,989,4.49,33,64,2.118,12
2022-05-20,04:20:30,40TWL4,888,868,4.967,29,12,2.892,12
2022-05-20,04:20:35,40TWL4,806,876,4.22,27,7,3.038,12
2022-05-20,04:20:40,40TWL4,767,807,5.223,27,47,2.689,12
2022-05-20,04:20:45,40TWL4,897,1000,5.489,30,18,3.312,12
2022-05-20,04:20:50,40TWL4,807,963,4.626,34,70,2.545,12
2022-05-20,04:20:55,40TWL4,729,891,4.473,39,8,2.352,12
2022-05-20,04:21:00,40TWL4,714,906,4.983,27,1,2.055,12
2022-05-20,04:21:05,40TWL4,780,890,5.46,28,38,2.136,12
2022-05-20,04:21:10,40TWL4,715,989,4.022,33,70,2.916,12
2022-05-20,04:21:15,40TWL4,967,914,4.576,20,82,3.33,12
2022-05-20,04:21:20,40TWL4,876,911,5.184,28,30,3.35,12
2022-05-20,04:21:25,40TWL4,736,945,4.13,26,94,2.458,12
2022-05-20,04:21:30,40TWL4,956,918,5.229,21,69,2.988,12
2022-05-20,04:21:35,40TWL4,891,987,5.023,23,83,3.434,12
2022-05-20,04:21:40,40TWL4,733,942,4.715,20,44,2.39,12
2022-05-20,04:21:45,40TWL4,762,847,5.235,26,28,3.254,12
2022-05-20,04:21:50,40TWL4,768,949,4.919,22,89,3.016,12
2022-05-20,04:21:55,40TWL4,820,875,4.351,35,24,2.179,12
2022-05-20,04:22:00,40TWL4,974,942,4.434,20,33,2.933,12
2022-05-20,04:22:05,40TWL4,827,833,4.504,20,34,3.006,12
2022-05-20,04:22:10,40TWL4,923,923,4.151,22,82,2.173,12
2022-05-20,04:22:15,40TWL4,774,958,4.359,28,56,2.977,12
2022-05-20,04:22:20,40TWL4,862,892,4.821,21,76,2.762,12
2022-05-20,04:22:25,40TWL4,785,880,5.177,27,96,2.314,12
2022-05-20,04:22:30,40TWL4,807,956,4.889,29,52,2.486,12
2022-05-20,04:22:35,40TWL4,805,852,4.344,21,1,2.86,12
2022-05-20,04:22:40,40TWL4,949,827,4.981,20,37,2.078,12
2022-05-20,04:22:45,40TWL4,706,977,4.2,40,88,3.475,12
2022-05-20,04:22:50,40TWL4,814,924,4.048,24,67,2.352,12
2022-05-20,04:22:55,40TWL4,798,877,4.22,20,22,3.442,12
2022-05-20,04:23:00,40TWL4,884,911,4.838,30,6,3.457,12
2022-05-20,04:23:05,40TWL4,834,944,4.887,27,28,2.749,12
2022-05-20,04:23:10,40TWL4,905,829,4.642,30,98,2.696,12
2022-05-20,04:23:15,40TWL4,828,885,4.13,29,51,2.712,12
2022-05-20,04:23:20,40TWL4,832,992,4.776,30,92,2.031,12
2022-05-20,04:23:25,40TWL4,743,936,4.025,38,82,3.392,12
2022-05-20,04:23:30,40TWL4,778,950,5.27,34,3,3.065,12
2022-05-20,04:23:35,40TWL4,758,973,4.686,37,42,3.018,12
2022-05-20,04:23:40,40TWL4,981,896,4.516,32,44,3.37,12
2022-05-20,04:23:45,40TWL4,790,821,4.343,40,77,2.173,12
2022-05-20,04:23:50,40TWL4,752,964,5.375,38,17,3.369,12
2022-05-20,04:23:55,40TWL4,746,980,5.192,21,55,2.836,12
2022-05-20,04:24:00,40TWL4,774,936,4.055,36,88,3.309,12
2022-05-20,04:24:05,40TWL4,729,922,4.08,26,68,3.046,12
2022-05-20,04:24:10,40TWL4,727,938,4.682,25,11,2.53,12
2022-05-20,04:24:15,40TWL4,823,826,4.094,39,30,3.48,12
2022-05-20,04:24:20,40TWL4,830,871,4.868,34,71,2.012,12
2022-05-20,04:24:25,40TWL4,852,921,4.591,24,90,2.663,12
2022-05-20,04:24:30,40TWL4,953,851,4.353,23,4,2.507,12
2022-05-20,04:24:35,40TWL4,838,932,4.068,40,1,3.039,12
2022-05-20,04:24:40,40TWL4,871,953,4.633,34,84,2.657,12
2022-05-20,04:24:45,40TWL4,896,911,4.967,34,81,2.449,12
2022-05-20,04:24:50,40TWL4,779,941,4.118,26,78,3.027,12
2022-05-20,04:24:55,40TWL4,889,901,4.528,32,14,2.645,12
2022-05-20,04:25:00,40TWL4,914,825,5.096,33,54,2.498,12
2022-05-20,04:25:05,40TWL4,884,858,4.837,33,56,3.259,12
2022-05-20,04:25:10,40TWL4,986,875,5.219,39,80,3.143,12
2022-05-20,04:25:15,40TWL4,744,990,5.223,25,67,3.289,12
2022-05-20,04:25:20,40TWL4,911,818,5.322,31,18,3.295,12
2022-05-20,04:25:25,40TWL4,752,890,4.1,28,4,3.065,12
2022-05-20,04:25:30,40TWL4,758,853,5.266,33,11,3.067,12
2022-05-20,04:25:35,40TWL4,918,907,4.95,25,86,2.85,12
2022-05-20,04:25:40,40TWL4,804,935,4.568,21,54,2.023,12
2022-05-20,04:25:45,40TWL4,944,979,5.024,31,88,2.776,12
2022-05-20,04:25:50,40TWL4,732,904,4.474,31,41,3.228,12
2022-05-20,04:25:55,40TWL4,935,844,4.087,22,18,3.377,12
2022-05-20,04:26:00,40TWL4,732,898,4.249,36,9,2.051,12
2022-05-20,04:26:05,40TWL4,992,990,4.942,35,97,2.001,12
2022-05-20,04:26:10,40TWL4,987,949,5.104,20,31,2.696,12
2022-05-20,04:26:15,40TWL4,817,977,4.88,34,99,2.036,12
2022-05-20,04:26:20,40TWL4,921,817,4.068,23,84,3.289,12
2022-05-20,04:26:25,40TWL4,991,873,4.101,35,59,2.854,12
2022-05-20,04:26:30,40TWL4,990,912,4.767,36,84,2.763,12
2022-05-20,04:26:35,40TWL4,765,863,5.112,35,10,2.925,12
2022-05-20,04:26:40,40TWL4,938,882,5.383,26,24,3.01,12
2022-05-20,04:26:45,40TWL4,782,814,5.194,31,55,2.9,12
2022-05-20,04:26:50,40TWL4,840,922,5.105,30,54,3.211,12
2022-05-20,04:26:55,40TWL4,991,936,4.149,22,35,2.914,12
2022-05-20,04:27:00,40TWL4,746,899,4.431,21,2,3.236,12
2022-05-20,04:27:05,40TWL4,981,860,4.475,27,92,3.069,12
2022-05-20,04:27:10,40TWL4,755,963,5.317,34,91,2.039,12
2022-05-20,04:27:15,40TWL4,1000,883,4.776,36,41,2.253,12
2022-05-20,04:27:20,40TWL4,842,849,4.36,34,60,2.994,12
2022-05-20,04:27:25,40TWL4,918,844,4.383,40,41,2.963,12
2022-05-20,04:27:30,40TWL4,953,952,5.354,39,69,2.791,12
2022-05-20,04:27:35,40TWL4,922,884,4.339,23,83,3.068,12
2022-05-20,04:27:40,40TWL4,877,945,4.573,35,91,3.229,12
2022-05-20,04:27:45,40TWL4,777,810,4.692,23,11,2.293,12
2022-05-20,04:27:50,40TWL4,811,923,4.903,21,85,2.948,12
2022-05-20,04:27:55,40TWL4,750,993,4.807,31,47,2.597,12
2022-05-20,04:28:00,40TWL4,807,815,5.219,34,40,2.54,12
2022-05-20,04:28:05,40TWL4,873,891,4.966,36,23,2.879,12
2022-05-20,04:28:10,40TWL4,950,950,5.023,26,18,3.295,12
2022-05-20,04:28:15,40TWL4,775,842,4.976,25,46,2.987,12
2022-05-20,04:28:20,40TWL4,748,877,4.654,30,19,2.251,12
2022-05-20,04:28:25,40TWL4,767,893,4.001,38,50,2.953,12
2022-05-20,04:28:30,40TWL4,708,817,4.166,36,85,3.482,12
2022-05-20,04:28:35,40TWL4,961,802,5.339,20,22,2.497,12
2022-05-20,04:28:40,40TWL4,997,866,4.483,30,76,2.731,12
2022-05-20,04:28:45,40TWL4,993,813,5.201,33,94,2.538,12
2022-05-20,04:28:50,40TWL4,770,996,5.128,23,41,3.172,12
2022-05-20,04:28:55,40TWL4,762,974,5.299,38,33,2.369,12
2022-05-20,04:29:00,40TWL4,871,988,4.021,22,15,2.176,12
2022-05-20,04:29:05,40TWL4,830,832,4.884,22,95,2.538,12
2022-05-20,04:29:10,40TWL4,708,909,4.643,33,20,2.464,12
2022-05-20,04:29:15,40TWL4,818,825,4.73,27,78,2.386,12
2022-05-20,04:29:20,40TWL4,943,895,4.822,22,13,2.846,12
2022-05-20,04:29:25,40TWL4,886,811,4.416,36,78,3.019,12
2022-05-20,04:29:30,40TWL4,757,975,4.026,39,99,2.071,12
2022-05-20,04:29:35,40TWL4,875,932,4.472,35,95,3.152,12
2022-05-20,04:29:40,40TWL4,946,888,4.125,25,27,3.109,12
2022-05-20,04:29:45,40TWL4,933,869,4.587,21,12,3.15,12
2022-05-20,04:29:50,40TWL4,808,821,5.051,34,64,2.433,12
2022-05-20,04:29:55,40TWL4,939,939,5.239,28,46,3.067,12
2022-05-20,04:30:00,40TWL4,944,946,4.736,38,45,2.123,12
2022-05-20,04:30:05,40TWL4,964,860,4.796,38,81,2.235,12
2022-05-20,04:30:10,40TWL4,933,962,4.588,21,25,2.73,12
2022-05-20,04:30:15,40TWL4,917,868,4.208,22,24,2.172,12
2022-05-20,04:30:20,40TWL4,905,901,4.314,36,78,3.325,12
2022-05-20,04:30:25,40TWL4,745,842,4.758,37,44,2.1,12
2022-05-20,04:30:30,40TWL4,909,810,4.099,22,77,2.216,12
2022-05-20,04:30:35,40TWL4,822,887,5.302,35,54,3.002,12
2022-05-20,04:30:40,40TWL4,736,921,5.407,30,38,3.35,12
2022-05-20,04:30:45,40TWL4,806,947,5.104,28,46,2.562,12
2022-05-20,04:30:50,40TWL4,826,909,4.63,38,90,3.347,12
2022-05-20,04:30:55,40TWL4,750,938,4.935,22,57,3.213,12
2022-05-20,04:31:00,40TWL4,932,861,5.264,26,64,2.498,12
2022-05-20,04:31:05,40TWL4,722,837,4.399,22,62,2.913,12
2022-05-20,04:31:10,40TWL4,811,950,5.22,39,74,2.92,12
2022-05-20,04:31:15,40TWL4,886,953,4.5,32,85,3.185,12
2022-05-20,04:31:20,40TWL4,921,977,4.682,26,86,2.018,12
2022-05-20,04:31:25,40TWL4,999,907,4.529,25,29,3.323,12
2022-05-20,04:31:30,40TWL4,838,955,4.184,37,18,2.784,12
2022-05-20,04:31:35,40TWL4,896,812,4.614,38,84,2.655,12
2022-05-20,04:31:40,40TWL4,733,974,4.653,40,36,2.984,12
2022-05-20,04:31:45,40TWL4,954,924,4.325,39,48,3.316,12
2022-05-20,04:31:50,40TWL4,732,840,5.394,27,75,2.068,12
2022-05-20,04:31:55,40TWL4,913,822,5.277,23,83,3.158,12
2022-05-20,04:32:00,40TWL4,826,923,5.165,38,63,2.29,12
2022-05-20,04:32:05,40TWL4,837,820,5.256,34,84,2.748,12
2022-05-20,04:32:10,40TWL4,763,922,4.719,23,64,3.399,12
2022-05-20,04:32:15,40TWL4,844,943,4.829,21,84,2.858,12
2022-05-20,04:32:20,40TWL4,852,821,4.729,21,8,2.839,12
2022-05-20,04:32:25,40TWL4,909,990,4.43,40,89,2.45,12
2022-05-20,04:32:30,40TWL4,736,967,4.266,23,50,3.497,12
2022-05-20,04:32:35,40TWL4,819,969,4.891,33,5,2.987,12
2022-05-20,04:32:40,40TWL4,859,952,4.514,25,5,3.366,12
2022-05-20,04:32:45,40TWL4,913,986,4.345,20,12,3.233,12
2022-05-20,04:32:50,40TWL4,940,854,4.958,34,45,2.472,12
2022-05-20,04:32:55,40TWL4,743,820,4.083,20,95,3.141,12
2022-05-20,04:33:00,40TWL4,797,863,5.185,39,45,2.896,12
2022-05-20,04:33:05,40TWL4,734,958,4.57,33,18,2.498,12
2022-05-20,04:33:10,40TWL4,925,903,5.406,26,44,2.75,12
2022-05-20,04:33:15,40TWL4,905,912,5.013,27,35,2.537,12
2022-05-20,04:33:20,40TWL4,970,982,4.547,26,64,3.405,12
2022-05-20,04:33:25,40TWL4,1000,950,4.148,25,70,2.005,12
2022-05-20,04:33:30,40TWL4,760,851,4.904,25,73,2.099,12
2022-05-20,04:33:35,40TWL4,885,959,4.117,36,36,2.794,12
2022-05-20,04:33:40,40TWL4,858,985,5.413,30,63,2.453,12
2022-05-20,04:33:45,40TWL4,785,989,4.65,29,68,2.461,12
2022-05-20,04:33:50,40TWL4,769,872,5.336,35,82,2.785,12
2022-05-20,04:33:55,40TWL4,700,948,4.51,28,32,2.237,12
2022-05-20,04:34:00,40TWL4,962,849,4.638,39,33,2.243,12
2022-05-20,04:34:05,40TWL4,945,971,4.883,31,89,2.14,12
2022-05-20,04:34:10,40TWL4,910,930,5.466,23,27,2.358,12
2022-05-20,04:34:15,40TWL4,870,890,4.991,32,46,2.047,12
2022-05-20,04:34:20,40TWL4,981,998,5.33,34,97,2.955,12
2022-05-20,04:34:25,40TWL4,845,882,5.157,22,54,3.39,12
2022-05-20,04:34:30,40TWL4,918,917,4.496,33,26,3.13,12
2022-05-20,04:34:35,40TWL4,887,975,4.608,26,22,2.46,12
2022-05-20,04:34:40,40TWL4,702,999,4.032,39,6,2.597,12
2022-05-20,04:34:45,40TWL4,804,996,4.542,34,21,2.348,12
2022-05-20,04:34:50,40TWL4,703,996,5.342,28,36,2.65,12
2022-05-20,04:34:55,40TWL4,774,868,5.171,39,80,3.484,12
2022-05-20,04:35:00,40TWL4,887,957,4.469,36,25,2.939,12
2022-05-20,04:35:05,40TWL4,872,940,5.494,29,15,2.621,12
2022-05-20,04:35:10,40TWL4,783,967,4.878,23,27,2.703,12
2022-05-20,04:35:15,40TWL4,869,926,4.171,32,26,3.195,12
2022-05-20,04:35:20,40TWL4,978,850,5.305,21,64,2.151,12
2022-05-20,04:35:25,40TWL4,848,851,4.1,33,87,2.041,12
2022-05-20,04:35:30,40TWL4,734,978,4.03,27,46,2.144,12
2022-05-20,04:35:35,40TWL4,980,974,4.899,25,37,3.091,12
2022-05-20,04:35:40,40TWL4,935,883,4.09,34,5,2.481,12
2022-05-20,04:35:45,40TWL4,904,811,5.057,31,40,3.143,12
2022-05-20,04:35:50,40TWL4,943,854,5.147,40,26,3.204,12
2022-05-20,04:35:55,40TWL4,963,809,4.777,35,66,3.441,12
2022-05-20,04:36:00,40TWL4,771,987,4.592,32,3,2.265,12
2022-05-20,04:36:05,40TWL4,932,977,4.934,23,94,2.482,12
2022-05-20,04:36:10,40TWL4,955,857,4.094,29,95,2.208,12
2022-05-20,04:36:15,40TWL4,867,825,4.402,34,19,2.719,12
2022-05-20,04:36:20,40TWL4,959,989,5.398,35,44,3.2,12
2022-05-20,04:36:25,40TWL4,717,915,4.646,40,13,3.097,12
2022-05-20,04:36:30,40TWL4,952,901,4.06,31,99,2.326,12
2022-05-20,04:36:35,40TWL4,713,856,4.217,34,39,2.708,12
2022-05-20,04:36:40,40TWL4,862,941,5.062,23,61,2.649,12
2022-05-20,04:36:45,40TWL4,748,967,4.62,26,77,3.498,12
2022-05-20,04:36:50,40TWL4,987,966,4.664,21,11,3.442,12
2022-05-20,04:36:55,40TWL4,883,851,5.109,29,58,2.388,12
2022-05-20,04:37:00,40TWL4,871,997,5.106,23,97,2.709,12
2022-05-20,04:37:05,40TWL4,773,847,5.177,21,56,2.586,12
2022-05-20,04:37:10,40TWL4,977,871,5.045,33,77,3.116,12
2022-05-20,04:37:15,40TWL4,983,972,4.261,39,98,2.563,12
2022-05-20,04:37:20,40TWL4,881,870,5.344,30,25,3.043,12
2022-05-20,04:37:25,40TWL4,911,813,5.289,34,29,3.415,12
2022-05-20,04:37:30,40TWL4,802,970,4.737,30,55,3.391,12
2022-05-20,04:37:35,40TWL4,727,921,4.249,22,90,2.021,12
2022-05-20,04:37:40,40TWL4,992,986,4.438,29,92,2.14,12
2022-05-20,04:37:45,40TWL4,744,815,4.882,32,88,3.103,12
2022-05-20,04:37:50,40TWL4,989,816,5.272,20,81,3.144,12
2022-05-20,04:37:55,40TWL4,1000,962,4.656,36,15,3.028,12
2022-05-20,04:38:00,40TWL4,862,978,4.402,21,40,3.248,12
2022-05-20,04:38:05,40TWL4,983,941,4.162,22,25,3.2,12
2022-05-20,04:38:10,40TWL4,903,884,4.407,38,6,2.947,12
2022-05-20,04:38:15,40TWL4,998,949,4.032,22,48,3.286,12
2022-05-20,04:38:20,40TWL4,854,949,4.65,33,87,2.629,12
2022-05-20,04:38:25,40TWL4,887,819,4.954,38,89,3.214,12
2022-05-20,04:38:30,40TWL4,878,826,5.29,34,25,3.228,12
2022-05-20,04:38:35,40TWL4,863,923,4.539,37,71,3.438,12
2022-05-20,04:38:40,40TWL4,970,952,5.399,25,66,2.851,12
2022-05-20,04:38:45,40TWL4,739,886,4.057,28,1,3.128,12
2022-05-20,04:38:50,40TWL4,807,996,4.87,36,27,3.27,12
2022-05-20,04:38:55,40TWL4,758,995,5.126,38,89,2.858,12
2022-05-20,04:39:00,40TWL4,797,989,5.226,33,45,2.93,12
2022-05-20,04:39:05,40TWL4,945,878,4.188,27,87,2.991,12
2022-05-20,04:39:10,40TWL4,841,850,4.965,24,89,2.831,12
2022-05-20,04:39:15,40TWL4,865,819,4.955,38,38,3.489,12
2022-05-20,04:39:20,40TWL4,804,852,5.324,24,78,2.574,12
2022-05-20,04:39:25,40TWL4,736,922,5.499,32,1,2.725,12
2022-05-20,04:39:30,40TWL4,839,870,4.704,24,51,2.087,12
2022-05-20,04:39:35,40TWL4,962,871,4.764,21,8,2.148,12
2022-05-20,04:39:40,40TWL4,723,905,4.611,35,23,2.297,12
2022-05-20,04:39:45,40TWL4,973,870,4.125,34,4,3.058,12
2022-05-20,04:39:50,40TWL4,775,895,4.719,27,54,2.407,12
2022-05-20,04:39:55,40TWL4,988,864,4.45,37,45,2.631,12
2022-05-20,04:40:00,40TWL4,882,819,4.447,25,20,2.267,12
2022-05-20,04:40:05,40TWL4,834,831,4.132,33,23,2.746,12
2022-05-20,04:40:10,40TWL4,706,808,5.435,25,93,2.563,12
2022-05-20,04:40:15,40TWL4,782,914,4.729,26,75,3.475,12
2022-05-20,04:40:20,40TWL4,919,870,4.574,34,23,2.119,12
2022-05-20,04:40:25,40TWL4,793,864,5.366,40,7,3.071,12
2022-05-20,04:40:30,40TWL4,824,1000,4.633,22,8,2.658,12
2022-05-20,04:40:35,40TWL4,814,950,5.381,32,48,2.117,12
2022-05-20,04:40:40,40TWL4,921,985,4.089,34,68,2.846,12
2022-05-20,04:40:45,40TWL4,943,944,4.425,24,77,2.81,12
2022-05-20,04:40:50,40TWL4,920,919,4.054,36,10,2.986,12
2022-05-20,04:40:55,40TWL4,839,986,4.192,38,36,2.005,12
2022-05-20,04:41:00,40TWL4,910,916,5.474,34,36,2.138,12
2022-05-20,04:41:05,40TWL4,826,840,5.028,34,71,3.256,12
2022-05-20,04:41:10,40TWL4,815,908,4.476,39,29,3.357,12
2022-05-20,04:41:15,40TWL4,761,887,4.274,27,15,3.471,12
2022-05-20,04:41:20,40TWL4,766,861,4.742,20,50,2.868,12
2022-05-20,04:41:25,40TWL4,750,912,4.673,37,58,3.441,12
2022-05-20,04:41:30,40TWL4,824,895,5.323,21,54,2.9,12
2022-05-20,04:41:35,40TWL4,863,916,4.395,29,51,2.963,12
2022-05-20,04:41:40,40TWL4,705,844,5.23,40,73,2.787,12
2022-05-20,04:41:45,40TWL4,959,886,4.876,32,21,2.406,12
2022-05-20,04:41:50,40TWL4,894,991,4.68,22,5,3.153,12
2022-05-20,04:41:55,40TWL4,730,802,4.79,20,3,3.149,12
2022-05-20,04:42:00,40TWL4,709,941,5.109,21,38,2.787,12
2022-05-20,04:42:05,40TWL4,836,966,4.61,39,49,3.354,12
2022-05-20,04:42:10,40TWL4,829,897,5.029,29,30,2.193,12
2022-05-20,04:42:15,40TWL4,997,914,4.167,21,61,2.751,12
2022-05-20,04:42:20,40TWL4,941,964,5.31,38,21,3.235,12
2022-05-20,04:42:25,40TWL4,983,841,4.235,24,91,2.326,12
2022-05-20,04:42:30,40TWL4,781,956,4.726,31,44,2.712,12
2022-05-20,04:42:35,40TWL4,892,804,4.332,22,88,2.171,12
2022-05-20,04:42:40,40TWL4,973,821,5.261,32,84,2.466,12
2022-05-20,04:42:45,40TWL4,873,911,4.252,31,76,3.361,12
2022-05-20,04:42:50,40TWL4,950,978,4.907,24,26,2.67,12
2022-05-20,04:42:55,40TWL4,862,977,4.36,36,22,2.854,12
2022-05-20,04:43:00,40TWL4,906,953,5.474,20,20,2.296,12
2022-05-20,04:43:05,40TWL4,750,902,4.825,27,99,2.647,12
2022-05-20,04:43:10,40TWL4,900,895,4.85,31,52,2.244,12
2022-05-20,04:43:15,40TWL4,988,885,5.11,23,9,2.192,12
2022-05-20,04:43:20,40TWL4,895,836,5.44,32,13,3.271,12
2022-05-20,04:43:25,40TWL4,918,906,4.944,33,2,3.388,12
2022-05-20,04:43:30,40TWL4,739,806,5.063,21,60,2.154,12
2022-05-20,04:43:35,40TWL4,879,863,5.309,21,38,3.497,12
2022-05-20,04:43:40,40TWL4,981,945,5.134,40,83,2.534,12
2022-05-20,04:43:45,40TWL4,784,850,4.159,24,8,3.091,12
2022-05-20,04:43:50,40TWL4,788,838,4.75,38,3,2.828,12
2022-05-20,04:43:55,40TWL4,748,935,4.079,33,50,3.462,12
2022-05-20,04:44:00,40TWL4,771,816,4.018,27,20,3.297,12
2022-05-20,04:44:05,40TWL4,733,873,4.778,21,76,2.182,12
2022-05-20,04:44:10,40TWL4,733,870,4.183,28,46,3.431,12
2022-05-20,04:44:15,40TWL4,888,987,4.503,24,23,3.445,12
2022-05-20,04:44:20,40TWL4,923,968,4.78,30,33,2.317,12
2022-05-20,04:44:25,40TWL4,721,890,4.575,32,20,2.586,12
2022-05-20,04:44:30,40TWL4,892,973,4.418,36,50,2.296,12
2022-05-20,04:44:35,40TWL4,746,821,4.085,27,94,2.846,12
2022-05-20,04:44:40,40TWL4,839,959,4.278,24,72,2.613,12
2022-05-20,04:44:45,40TWL4,976,809,4.957,32,38,2.601,12
2022-05-20,04:44:50,40TWL4,756,962,4.79,36,28,2.39,12
2022-05-20,04:44:55,40TWL4,951,802,5.0,21,54,2.333,12
2022-05-20,04:45:00,40TWL4,891,968,5.321,25,61,2.151,12
2022-05-20,04:45:05,40TWL4,906,894,5.451,29,50,3.294,12
2022-05-20,04:45:10,40TWL4,976,989,5.241,29,79,2.658,12
2022-05-20,04:45:15,40TWL4,724,966,4.473,21,15,2.593,12
2022-05-20,04:45:20,40TWL4,706,904,4.781,29,60,2.514,12
2022-05-20,04:45:25,40TWL4,749,811,5.125,35,94,2.828,12
2022-05-20,04:45:30,40TWL4,791,951,5.31,30,17,3.073,12
2022-05-20,04:45:35,40TWL4,866,994,4.042,27,100,2.131,12
2022-05-20,04:45:40,40TWL4,911,832,4.424,21,66,3.262,12
2022-05-20,04:45:45,40TWL4,897,806,4.077,23,96,3.17,12
2022-05-20,04:45:50,40TWL4,978,801,4.694,24,14,2.104,12
2022-05-20,04:45:55,40TWL4,803,984,4.019,32,45,2.986,12
2022-05-20,04:46:00,40TWL4,902,808,4.628,35,89,2.104,12
2022-05-20,04:46:05,40TWL4,974,834,4.88,20,59,2.07,12
2022-05-20,04:46:10,40TWL4,951,858,4.722,38,7,2.565,12
2022-05-20,04:46:15,40TWL4,804,938,4.324,39,0,2.86,12
2022-05-20,04:46:20,40TWL4,821,891,5.004,25,34,2.039,12
2022-05-20,04:46:25,40TWL4,735,838,5.397,25,5,2.417,12
2022-05-20,04:46:30,40TWL4,944,831,5.084,28,70,3.129,12
2022-05-20,04:46:35,40TWL4,852,878,4.167,32,16,3.4,12
2022-05-20,04:46:40,40TWL4,955,859,4.918,30,29,2.367,12
2022-05-20,04:46:45,40TWL4,760,826,5.29,24,26,2.605,12
2022-05-20,04:46:50,40TWL4,781,890,4.91,38,17,2.57,12
2022-05-20,04:46:55,40TWL4,817,880,4.714,37,20,2.35,12
2022-05-20,04:47:00,40TWL4,947,968,4.546,31,23,3.297,12
2022-05-20,04:47:05,40TWL4,700,944,4.494,20,25,2.316,12
2022-05-20,04:47:10,40TWL4,823,827,4.297,24,48,2.432,12
2022-05-20,04:47:15,40TWL4,918,929,5.152,39,16,2.067,12
2022-05-20,04:47:20,40TWL4,714,911,4.961,38,81,3.265,12
2022-05-20,04:47:25,40TWL4,830,837,4.002,32,46,2.285,12
2022-05-20,04:47:30,40TWL4,868,978,5.308,35,21,2.017,12
2022-05-20,04:47:35,40TWL4,992,917,5.074,23,1,3.232,12
2022-05-20,04:47:40,40TWL4,745,994,5.408,30,17,2.407,12
2022-05-20,04:47:45,40TWL4,782,831,5.473,35,3,3.163,12
2022-05-20,04:47:50,40TWL4,907,995,4.849,28,36,2.096,12
2022-05-20,04:47:55,40TWL4,877,816,4.279,26,24,2.97,12
2022-05-20,04:48:00,40TWL4,705,815,4.055,24,6,3.151,12
2022-05-20,04:48:05,40TWL4,758,925,4.784,32,28,3.094,12
2022-05-20,04:48:10,40TWL4,937,815,5.271,31,89,3.175,12
2022-05-20,04:48:15,40TWL4,737,818,4.902,39,57,3.442,12
2022-05-20,04:48:20,40TWL4,978,873,5.298,27,82,2.745,12
2022-05-20,04:48:25,40TWL4,817,925,4.187,31,85,3.402,12
2022-05-20,04:48:30,40TWL4,940,937,5.357,31,15,3.432,12
2022-05-20,04:48:35,40TWL4,984,985,5.464,40,52,2.621,12
2022-05-20,04:48:40,40TWL4,967,898,5.292,28,6,3.405,12
2022-05-20,04:48:45,40TWL4,869,852,5.271,39,23,2.166,12
2022-05-20,04:48:50,40TWL4,985,838,4.154,25,76,3.304,12
2022-05-20,04:48:55,40TWL4,789,818,5.336,29,40,3.029,12
2022-05-20,04:49:00,40TWL4,773,869,4.417,23,2,3.289,12
2022-05-20,04:49:05,40TWL4,845,905,4.006,32,31,3.032,12
2022-05-20,04:49:10,40TWL4,744,968,5.166,37,7,2.069,12
2022-05-20,04:49:15,40TWL4,984,834,4.071,20,59,2.382,12
2022-05-20,04:49:20,40TWL4,930,867,5.414,40,100,3.197,12
2022-05-20,04:49:25,40TWL4,788,971,4.695,29,26,2.327,12
2022-05-20,04:49:30,40TWL4,978,960,4.614,30,50,2.671,12
2022-05-20,04:49:35,40TWL4,924,853,4.363,27,24,3.119,12
2022-05-20,04:49:40,40TWL4,853,967,4.175,27,33,2.089,12
2022-05-20,04:49:45,40TWL4,801,893,4.53,28,25,3.352,12
2022-05-20,04:49:50,40TWL4,754,968,5.393,20,43,2.077,12
2022-05-20,04:49:55,40TWL4,788,977,5.106,25,51,2.95,12
2022-05-20,04:50:00,40TWL4,827,955,4.294,21,4,3.082,12
2022-05-20,04:50:05,40TWL4,763,862,5.109,25,44,2.611,12
2022-05-20,04:50:10,40TWL4,824,964,4.4,36,87,2.657,12
2022-05-20,04:50:15,40TWL4,872,972,5.2,34,24,2.203,12
2022-05-20,04:50:20,40TWL4,798,907,4.116,33,57,2.514,12
2022-05-20,04:50:25,40TWL4,995,984,5.393,34,8,2.139,12
2022-05-20,04:50:30,40TWL4,861,886,5.09,35,35,2.468,12
2022-05-20,04:50:35,40TWL4,923,919,5.022,26,60,3.019,12
2022-05-20,04:50:40,40TWL4,781,944,5.021,28,14,2.142,12
2022-05-20,04:50:45,40TWL4,834,924,4.591,39,12,3.132,12
2022-05-20,04:50:50,40TWL4,818,961,4.929,34,42,2.931,12
2022-05-20,04:50:55,40TWL4,986,842,5.262,35,65,2.504,12
2022-05-20,04:51:00,40TWL4,804,857,5.095,22,87,2.069,12
2022-05-20,04:51:05,40TWL4,910,874,5.195,27,69,2.832,12
2022-05-20,04:51:10,40TWL4,897,937,4.01,32,6,2.386,12
2022-05-20,04:51:15,40TWL4,879,974,4.453,39,80,2.055,12
2022-05-20,04:51:20,40TWL4,871,992,4.387,35,68,2.518,12
2022-05-20,04:51:25,40TWL4,714,948,4.431,24,64,2.58,12
2022-05-20,04:51:30,40TWL4,913,908,4.468,34,51,2.648,12
2022-05-20,04:51:35,40TWL4,764,958,5.441,31,0,2.583,12
2022-05-20,04:51:40,40TWL4,714,919,4.698,25,64,2.197,12
2022-05-20,04:51:45,40TWL4,870,911,4.032,21,68,3.482,12
2022-05-20,04:51:50,40TWL4,737,868,5.108,32,30,2.942,12
2022-05-20,04:51:55,40TWL4,958,854,5.383,27,69,2.222,12
2022-05-20,04:52:00,40TWL4,824,881,4.976,37,30,2.5,12
2022-05-20,04:52:05,40TWL4,884,832,4.958,33,73,3.185,12
2022-05-20,04:52:10,40TWL4,989,986,4.856,36,57,3.219,12
2022-05-20,04:52:15,40TWL4,777,814,5.215,38,63,3.202,12
2022-05-20,04:52:20,40TWL4,770,839,5.476,37,12,3.187,12
2022-05-20,04:52:25,40TWL4,795,814,4.832,34,22,3.261,12
2022-05-20,04:52:30,40TWL4,973,903,4.703,32,15,3.455,12
2022-05-20,04:52:35,40TWL4,902,841,5.324,40,22,2.574,12
2022-05-20,04:52:40,40TWL4,869,807,5.124,31,75,3.176,12
2022-05-20,04:52:45,40TWL4,743,875,5.369,34,65,2.327,12
2022-05-20,04:52:50,40TWL4,807,961,4.545,35,94,3.321,12
2022-05-20,04:52:55,40TWL4,860,905,4.3,31,94,2.866,12
2022-05-20,04:53:00,40TWL4,967,823,4.178,37,24,2.059,12
2022-05-20,04:53:05,40TWL4,817,962,5.106,21,27,3.205,12
2022-05-20,04:53:10,40TWL4,753,811,5.303,25,0,3.324,12
2022-05-20,04:53:15,40TWL4,928,924,4.995,21,61,2.219,12
2022-05-20,04:53:20,40TWL4,966,903,5.087,21,26,2.024,12
2022-05-20,04:53:25,40TWL4,958,944,5.128,39,38,2.685,12
2022-05-20,04:53:30,40TWL4,843,948,5.344,30,80,3.097,12
2022-05-20,04:53:35,40TWL4,816,818,4.707,40,31,2.414,12
2022-05-20,04:53:40,40TWL4,816,970,4.51,32,40,2.293,12
2022-05-20,04:53:45,40TWL4,749,954,4.049,40,66,2.086,12
2022-05-20,04:53:50,40TWL4,719,951,5.279,36,73,3.024,12
2022-05-20,04:53:55,40TWL4,922,848,4.715,27,12,3.015,12
2022-05-20,04:54:00,40TWL4,993,829,5.097,38,87,2.525,12
2022-05-20,04:54:05,40TWL4,999,854,4.624,22,93,2.688,12
2022-05-20,04:54:10,40TWL4,965,856,5.451,32,25,3.208,12
2022-05-20,04:54:15,40TWL4,835,996,4.788,26,88,2.522,12
2022-05-20,04:54:20,40TWL4,898,872,4.834,40,79,2.113,12
2022-05-20,04:54:25,40TWL4,716,813,5.2,32,96,2.845,12
2022-05-20,04:54:30,40TWL4,809,973,4.86,26,56,2.462,12
2022-05-20,04:54:35,40TWL4,915,993,4.902,21,96,2.793,12
2022-05-20,04:54:40,40TWL4,887,888,4.295,26,75,3.133,12
2022-05-20,04:54:45,40TWL4,949,990,5.245,34,16,3.131,12
2022-05-20,04:54:50,40TWL4,828,862,4.229,34,60,2.449,12
2022-05-20,04:54:55,40TWL4,942,829,5.176,38,37,3.174,12
2022-05-20,04:55:00,40TWL4,725,957,4.448,39,43,3.368,12
2022-05-20,04:55:05,40TWL4,961,998,5.382,23,5,3.436,12
2022-05-20,04:55:10,40TWL4,937,943,5.063,37,24,3.193,12
2022-05-20,04:55:15,40TWL4,883,960,4.728,24,29,2.058,12
2022-05-20,04:55:20,40TWL4,752,957,4.498,31,57,2.149,12
2022-05-20,04:55:25,40TWL4,704,966,4.083,31,97,2.611,12
2022-05-20,04:55:30,40TWL4,920,895,4.996,29,85,2.102,12
2022-05-20,04:55:35,40TWL4,903,927,4.474,23,75,3.196,12
2022-05-20,04:55:40,40TWL4,798,939,4.004,33,38,2.702,12
2022-05-20,04:55:45,40TWL4,774,995,5.447,32,81,3.076,12
2022-05-20,04:55:50,40TWL4,915,913,4.001,40,32,3.153,12
2022-05-20,04:55:55,40TWL4,958,992,4.044,35,71,3.292,12
2022-05-20,04:56:00,40TWL4,954,937,4.807,38,81,2.768,12
2022-05-20,04:56:05,40TWL4,992,993,4.465,33,87,2.731,12
2022-05-20,04:56:10,40TWL4,775,952,4.674,22,62,2.053,12
2022-05-20,04:56:15,40TWL4,707,842,5.114,20,69,3.068,12
2022-05-20,04:56:20,40TWL4,886,971,4.832,38,95,2.809,12
2022-05-20,04:56:25,40TWL4,999,965,4.257,26,74,3.137,12
2022-05-20,04:56:30,40TWL4,927,826,5.067,24,96,2.166,12
2022-05-20,04:56:35,40TWL4,871,959,5.077,33,94,2.816,12
2022-05-20,04:56:40,40TWL4,938,957,5.067,36,32,2.673,12
2022-05-20,04:56:45,40TWL4,704,925,4.689,38,3,3.268,12
2022-05-20,04:56:50,40TWL4,890,926,5.235,31,66,2.677,12
2022-05-20,04:56:55,40TWL4,745,823,4.174,20,4,2.612,12
2022-05-20,04:57:00,40TWL4,772,840,4.613,37,2,2.117,12
2022-05-20,04:57:05,40TWL4,896,913,5.242,21,71,2.395,12
2022-05-20,04:57:10,40TWL4,721,948,4.279,31,89,2.231,12
2022-05-20,04:57:15,40TWL4,809,827,4.982,25,39,2.658,12
2022-05-20,04:57:20,40TWL4,893,934,5.229,26,20,3.107,12
2022-05-20,04:57:25,40TWL4,701,802,5.28,24,56,2.449,12
2022-05-20,04:57:30,40TWL4,910,912,4.434,40,17,3.341,12
2022-05-20,04:57:35,40TWL4,986,988,4.049,25,84,2.682,12
2022-05-20,04:57:40,40TWL4,866,816,4.884,31,29,2.538,12
2022-05-20,04:57:45,40TWL4,909,978,5.34,35,3,2.168,12
2022-05-20,04:57:50,40TWL4,972,839,5.063,24,49,2.608,12
2022-05-20,04:57:55,40TWL4,954,945,4.341,30,89,2.128,12
2022-05-20,04:58:00,40TWL4,993,843,4.648,40,3,2.022,12
2022-05-20,04:58:05,40TWL4,873,864,4.475,35,28,2.661,12
2022-05-20,04:58:10,40TWL4,839,881,5.349,25,82,2.387,12
2022-05-20,04:58:15,40TWL4,859,823,4.613,33,22,2.608,12
2022-05-20,04:58:20,40TWL4,713,845,4.384,26,93,2.741,12
2022-05-20,04:58:25,40TWL4,789,917,5.291,40,85,2.66,12
2022-05-20,04:58:30,40TWL4,724,959,5.217,24,80,3.354,12
2022-05-20,04:58:35,40TWL4,866,996,4.563,36,20,2.645,12
2022-05-20,04:58:40,40TWL4,870,972,5.121,30,65,2.762,12
2022-05-20,04:58:45,40TWL4,791,965,4.581,39,12,2.629,12
2022-05-20,04:58:50,40TWL4,979,953,4.098,36,100,2.745,12
2022-05-20,04:58:55,40TWL4,759,804,4.342,31,19,2.552,12
2022-05-20,04:59:00,40TWL4,894,947,4.03,31,74,2.536,12
2022-05-20,04:59:05,40TWL4,843,841,5.318,34,53,2.094,12
2022-05-20,04:59:10,40TWL4,882,994,5.309,32,16,2.953,12
2022-05-20,04:59:15,40TWL4,901,843,5.446,22,71,2.113,12
2022-05-20,04:59:20,40TWL4,719,887,4.592,24,42,2.153,12
2022-05-20,04:59:25,40TWL4,796,976,5.229,29,92,2.408,12
2022-05-20,04:59:30,40TWL4,897,868,5.315,20,70,2.905,12
2022-05-20,04:59:35,40TWL4,859,928,5.38,25,59,2.411,12
2022-05-20,04:59:40,40TWL4,844,835,4.382,26,24,2.614,12
2022-05-20,04:59:45,40TWL4,784,868,5.057,38,55,2.478,12
2022-05-20,04:59:50,40TWL4,799,807,4.568,36,23,2.662,12
2022-05-20,04:59:55,40TWL4,947,877,4.792,26,22,3.025,12
2022-05-20,05:00:00,40TWL4,934,839,4.198,32,20,3.403,12
2022-05-20,05:00:05,40TWL4,885,843,4.738,39,72,3.113,12
2022-05-20,05:00:10,40TWL4,903,879,4.246,29,96,3.33,12
2022-05-20,05:00:15,40TWL4,838,854,5.4,28,84,3.283,12
2022-05-20,05:00:20,40TWL4,819,819,4.871,20,66,3.481,12
2022-05-20,05:00:25,40TWL4,767,839,4.023,25,91,2.669,12
2022-05-20,05:00:30,40TWL4,828,931,4.292,27,15,2.764,12
2022-05-20,05:00:35,40TWL4,888,835,5.153,28,70,2.301,12
2022-05-20,05:00:40,40TWL4,754,986,5.198,35,80,2.805,12
2022-05-20,05:00:45,40TWL4,900,927,5.086,40,15,3.211,12
2022-05-20,05:00:50,40TWL4,894,862,4.118,28,85,2.404,12
2022-05-20,05:00:55,40TWL4,888,883,5.189,29,38,3.465,12
2022-05-20,05:01:00,40TWL4,982,866,4.389,27,22,2.009,12
2022-05-20,05:01:05,40TWL4,866,932,4.717,22,13,2.331,12
2022-05-20,05:01:10,40TWL4,780,810,4.882,36,82,2.22,12
2022-05-20,05:01:15,40TWL4,889,957,4.923,27,73,2.771,12
2022-05-20,05:01:20,40TWL4,838,813,4.144,26,19,3.281,12
2022-05-20,05:01:25,40TWL4,761,907,4.716,40,14,2.474,12
2022-05-20,05:01:30,40TWL4,795,916,5.087,22,45,2.654,12
2022-05-20,05:01:35,40TWL4,999,923,4.526,29,17,2.222,12
2022-05-20,05:01:40,40TWL4,873,937,5.102,35,82,3.264,12
2022-05-20,05:01:45,40TWL4,950,911,5.43,37,0,2.351,12
2022-05-20,05:01:50,40TWL4,993,898,4.998,27,38,3.161,12
2022-05-20,05:01:55,40TWL4,885,809,4.778,28,40,2.544,12
2022-05-20,05:02:00,40TWL4,760,805,4.731,26,65,2.077,12
2022-05-20,05:02:05,40TWL4,962,978,5.38,34,25,2.11,12
2022-05-20,05:02:10,40TWL4,863,857,5.048,38,2,2.593,12
2022-05-20,05:02:15,40TWL4,885,926,4.686,24,33,3.019,12
2022-05-20,05:02:20,40TWL4,701,842,4.988,25,29,2.418,12
2022-05-20,05:02:25,40TWL4,955,877,4.601,36,77,3.095,12
2022-05-20,05:02:30,40TWL4,951,965,4.104,34,72,2.831,12
2022-05-20,05:02:35,40TWL4,916,849,5.141,26,6,2.147,12
2022-05-20,05:02:40,40TWL4,907,913,4.618,27,31,2.388,12
2022-05-20,05:02:45,40TWL4,757,969,4.841,36,35,3.016,12
2022-05-20,05:02:50,40TWL4,785,871,4.501,32,64,3.312,12
2022-05-20,05:02:55,40TWL4,779,907,4.271,29,69,2.139,12
2022-05-20,05:03:00,40TWL4,757,979,5.0,23,89,3.384,12
2022-05-20,05:03:05,40TWL4,760,984,5.025,20,16,2.718,12
2022-05-20,05:03:10,40TWL4,714,854,4.747,29,23,3.348,12
2022-05-20,05:03:15,40TWL4,782,817,4.82,20,71,3.456,12
2022-05-20,05:03:20,40TWL4,734,894,4.45,22,2,2.37,12
2022-05-20,05:03:25,40TWL4,977,827,5.271,30,76,3.054,12
2022-05-20,05:03:30,40TWL4,761,979,4.349,38,64,3.347,12
2022-05-20,05:03:35,40TWL4,832,958,4.322,33,51,3.093,12
2022-05-20,05:03:40,40TWL4,818,842,4.244,31,26,3.324,12
2022-05-20,05:03:45,40TWL4,901,852,4.848,25,61,3.291,12
2022-05-20,05:03:50,40TWL4,945,914,5.363,23,27,2.65,12
2022-05-20,05:03:55,40TWL4,936,878,4.036,25,33,2.417,12
2022-05-20,05:04:00,40TWL4,991,805,4.545,36,25,3.322,12
2022-05-20,05:04:05,40TWL4,807,847,4.796,29,5,2.698,12
2022-05-20,05:04:10,40TWL4,718,828,4.769,31,13,3.134,12
2022-05-20,05:04:15,40TWL4,861,864,4.47,24,61,2.155,12
2022-05-20,05:04:20,40TWL4,970,955,4.005,23,72,3.0,12
2022-05-20,05:04:25,40TWL4,814,894,5.479,39,39,2.396,12
2022-05-20,05:04:30,40TWL4,733,846,4.166,40,7,3.095,12
2022-05-20,05:04:35,40TWL4,867,946,5.233,36,29,2.129,12
2022-05-20,05:04:40,40TWL4,723,952,4.735,27,51,3.23,12
2022-05-20,05:04:45,40TWL4,739,851,5.302,24,27,3.372,12
2022-05-20,05:04:50,40TWL4,880,881,4.933,30,97,2.392,12
2022-05-20,05:04:55,40TWL4,749,983,5.371,32,85,2.767,12
2022-05-20,05:05:00,40TWL4,982,926,4.26,31,63,3.192,12
2022-05-20,05:05:05,40TWL4,969,857,5.382,38,82,3.382,12
2022-05-20,05:05:10,40TWL4,841,840,4.266,22,55,2.239,12
2022-05-20,05:05:15,40TWL4,975,833,4.96,29,57,3.282,12
2022-05-20,05:05:20,40TWL4,781,808,4.151,27,90,3.454,12
2022-05-20,05:05:25,40TWL4,730,945,4.391,28,4,2.226,12
2022-05-20,05:05:30,40TWL4,943,858,4.514,32,59,2.968,12
2022-05-20,05:05:35,40TWL4,792,896,5.403,36,65,3.444,12
2022-05-20,05:05:40,40TWL4,769,815,4.604,35,35,2.259,12
2022-05-20,05:05:45,40TWL4,867,869,5.307,32,23,2.466,12
2022-05-20,05:05:50,40TWL4,762,943,5.327,30,98,2.472,12
2022-05-20,05:05:55,40TWL4,889,917,5.46,25,22,3.432,12
2022-05-20,05:06:00,40TWL4,727,816,4.999,20,41,3.303,12
2022-05-20,05:06:05,40TWL4,732,922,4.791,35,69,2.554,12
2022-05-20,05:06:10,40TWL4,906,833,4.793,29,0,3.444,12
2022-05-20,05:06:15,40TWL4,722,995,4.563,21,9,2.088,12
2022-05-20,05:06:20,40TWL4,753,982,5.236,21,12,3.039,12
2022-05-20,05:06:25,40TWL4,838,988,4.167,22,60,2.076,12
2022-05-20,05:06:30,40TWL4,819,879,4.706,34,18,3.284,12
2022-05-20,05:06:35,40TWL4,791,862,4.828,22,92,2.227,12
2022-05-20,05:06:40,40TWL4,822,927,4.072,26,46,2.598,12
2022-05-20,05:06:45,40TWL4,895,865,5.448,35,91,2.903,12
2022-05-20,05:06:50,40TWL4,882,942,4.995,32,90,3.303,12
2022-05-20,05:06:55,40TWL4,860,996,5.358,20,36,3.304,12
2022-05-20,05:07:00,40TWL4,934,889,5.088,25,75,3.078,12
2022-05-20,05:07:05,40TWL4,741,835,4.912,31,36,2.337,12
2022-05-20,05:07:10,40TWL4,853,822,5.424,30,74,2.471,12
2022-05-20,05:07:15,40TWL4,718,807,4.749,25,62,2.96,12
2022-05-20,05:07:20,40TWL4,719,920,4.046,22,4,2.016,12
2022-05-20,05:07:25,40TWL4,837,806,5.114,31,92,2.682,12
2022-05-20,05:07:30,40TWL4,950,915,4.693,24,5,3.167,12
2022-05-20,05:07:35,40TWL4,759,884,5.064,20,66,3.105,12
2022-05-20,05:07:40,40TWL4,815,834,5.145,33,61,2.529,12
2022-05-20,05:07:45,40TWL4,729,832,5.323,40,1,2.936,12
2022-05-20,05:07:50,40TWL4,881,806,4.187,36,44,2.023,12
2022-05-20,05:07:55,40TWL4,960,841,4.411,39,29,2.364,12
2022-05-20,05:08:00,40TWL4,783,985,4.078,38,82,2.129,12
2022-05-20,05:08:05,40TWL4,738,958,5.092,24,29,2.302,12
2022-05-20,05:08:10,40TWL4,757,833,4.192,23,71,2.531,12
2022-05-20,05:08:15,40TWL4,758,898,5.244,32,42,3.497,12
2022-05-20,05:08:20,40TWL4,817,936,4.738,26,50,2.389,12
2022-05-20,05:08:25,40TWL4,913,919,4.799,33,15,2.343,12
2022-05-20,05:08:30,40TWL4,934,961,4.187,27,30,2.222,12
2022-05-20,05:08:35,40TWL4,773,914,5.204,25,72,2.118,12
2022-05-20,05:08:40,40TWL4,870,999,4.933,28,67,3.05,12
2022-05-20,05:08:45,40TWL4,936,832,4.748,39,49,2.839,12
2022-05-20,05:08:50,40TWL4,899,887,4.62,24,80,3.328,12
2022-05-20,05:08:55,40TWL4,974,891,4.803,37,42,2.03,12
2022-05-20,05:09:00,40TWL4,828,871,4.146,36,39,2.771,12
2022-05-20,05:09:05,40TWL4,798,948,4.543,38,94,2.511,12
2022-05-20,05:09:10,40TWL4,960,917,5.009,21,55,3.191,12
2022-05-20,05:09:15,40TWL4,891,815,4.43,39,41,2.823,12
2022-05-20,05:09:20,40TWL4,819,982,4.087,22,93,2.188,12
2022-05-20,05:09:25,40TWL4,981,830,5.438,22,42,2.468,12
2022-05-20,05:09:30,40TWL4,814,874,4.099,24,16,3.253,12
2022-05-20,05:09:35,40TWL4,842,970,5.288,32,100,2.385,12
2022-05-20,05:09:40,40TWL4,728,810,5.359,26,7,2.35,12
2022-05-20,05:09:45,40TWL4,797,964,5.321,31,84,3.186,12
2022-05-20,05:09:50,40TWL4,848,983,4.504,32,80,2.126,12
2022-05-20,05:09:55,40TWL4,746,910,4.698,23,12,2.622,12
2022-05-20,05:10:00,40TWL4,990,838,4.54,26,86,2.412,12
2022-05-20,05:10:05,40TWL4,746,814,5.412,29,20,3.442,12
2022-05-20,05:10:10,40TWL4,938,905,4.314,34,93,2.624,12
2022-05-20,05:10:15,40TWL4,729,896,5.385,27,49,2.613,12
2022-05-20,05:10:20,40TWL4,724,979,4.281,38,75,2.499,12
2022-05-20,05:10:25,40TWL4,875,873,5.176,37,15,2.382,12
2022-05-20,05:10:30,40TWL4,942,926,4.118,26,40,2.124,12
2022-05-20,05:10:35,40TWL4,984,911,4.357,35,68,2.777,12
2022-05-20,05:10:40,40TWL4,796,921,4.223,28,69,3.372,12
2022-05-20,05:10:45,40TWL4,842,841,4.43,33,45,2.202,12
2022-05-20,05:10:50,40TWL4,772,853,4.133,37,96,3.27,12
2022-05-20,05:10:55,40TWL4,711,935,4.849,20,45,3.044,12
2022-05-20,05:11:00,40TWL4,820,884,5.41,33,49,3.077,12
2022-05-20,05:11:05,40TWL4,779,892,5.404,31,13,3.081,12
2022-05-20,05:11:10,40TWL4,704,855,4.055,28,44,2.474,12
2022-05-20,05:11:15,40TWL4,728,934,5.462,24,37,2.974,12
2022-05-20,05:11:20,40TWL4,814,858,4.695,36,71,2.044,12
2022-05-20,05:11:25,40TWL4,925,916,4.853,28,34,2.351,12
2022-05-20,05:11:30,40TWL4,966,960,5.328,37,7,2.603,12
2022-05-20,05:11:35,40TWL4,736,858,4.129,34,25,3.388,12
2022-05-20,05:11:40,40TWL4,960,966,4.824,25,68,2.486,12
2022-05-20,05:11:45,40TWL4,920,983,4.719,28,37,2.37,12
2022-05-20,05:11:50,40TWL4,901,986,4.064,31,27,3.277,12
2022-05-20,05:11:55,40TWL4,825,884,4.325,35,28,2.139,12
2022-05-20,05:12:00,40TWL4,749,880,4.728,23,68,2.435,12
2022-05-20,05:12:05,40TWL4,894,881,4.012,31,56,2.751,12
2022-05-20,05:12:10,40TWL4,881,855,4.304,23,9,2.326,12
2022-05-20,05:12:15,40TWL4,850,910,5.296,32,72,2.146,12
2022-05-20,05:12:20,40TWL4,997,825,4.811,21,17,3.389,12
2022-05-20,05:12:25,40TWL4,866,990,4.513,28,90,2.427,12
2022-05-20,05:12:30,40TWL4,759,801,4.438,22,16,2.15,12
2022-05-20,05:12:35,40TWL4,702,893,4.697,23,45,2.007,12
2022-05-20,05:12:40,40TWL4,952,847,4.993,20,9,3.1,12
2022-05-20,05:12:45,40TWL4,990,912,4.489,29,29,2.058,12
2022-05-20,05:12:50,40TWL4,830,881,5.206,22,70,3.315,12
2022-05-20,05:12:55,40TWL4,833,877,4.268,35,44,2.621,12
2022-05-20,05:13:00,40TWL4,704,812,5.419,21,24,2.225,12
2022-05-20,05:13:05,40TWL4,862,837,4.787,28,57,3.407,12
2022-05-20,05:13:10,40TWL4,710,967,5.139,34,2,2.337,12
2022-05-20,05:13:15,40TWL4,940,852,5.421,20,29,3.187,12
2022-05-20,05:13:20,40TWL4,912,822,4.792,30,63,2.247,12
2022-05-20,05:13:25,40TWL4,796,895,5.293,30,82,2.42,12
2022-05-20,05:13:30,40TWL4,855,940,4.213,31,67,2.223,12
2022-05-20,05:13:35,40TWL4,919,830,4.314,36,99,2.759,12
2022-05-20,05:13:40,40TWL4,990,822,4.485,35,98,3.489,12
2022-05-20,05:13:45,40TWL4,919,897,5.152,34,26,3.02,12
2022-05-20,05:13:50,40TWL4,705,981,4.622,40,27,2.548,12
2022-05-20,05:13:55,40TWL4,916,998,4.017,25,47,2.22,12
2022-05-20,05:14:00,40TWL4,838,851,4.267,37,19,2.13,12
2022-05-20,05:14:05,40TWL4,751,895,4.434,36,27,2.842,12
2022-05-20,05:14:10,40TWL4,920,883,4.318,23,7,2.367,12
2022-05-20,05:14:15,40TWL4,756,913,4.635,23,78,3.029,12
2022-05-20,05:14:20,40TWL4,880,952,5.02,40,42,2.43,12
2022-05-20,05:14:25,40TWL4,806,862,5.457,34,53,2.438,12
2022-05-20,05:14:30,40TWL4,875,910,4.251,20,62,2.562,12
2022-05-20,05:14:35,40TWL4,752,890,5.394,35,46,2.404,12
2022-05-20,05:14:40,40TWL4,702,938,5.352,33,100,2.53,12
2022-05-20,05:14:45,40TWL4,998,817,4.868,33,85,2.292,12
2022-05-20,05:14:50,40TWL4,786,912,4.38,40,2,3.485,12
2022-05-20,05:14:55,40TWL4,752,982,4.37,33,15,2.795,12
2022-05-20,05:15:00,40TWL4,972,926,5.235,37,88,2.126,12
2022-05-20,05:15:05,40TWL4,822,870,4.656,37,5,3.145,12
2022-05-20,05:15:10,40TWL4,999,819,5.371,33,19,3.23,12
2022-05-20,05:15:15,40TWL4,926,915,4.678,33,8,2.927,12
2022-05-20,05:15:20,40TWL4,835,904,4.534,36,19,3.016,12
2022-05-20,05:15:25,40TWL4,804,945,4.661,27,92,2.126,12
2022-05-20,05:15:30,40TWL4,709,866,5.291,20,16,3.167,12
2022-05-20,05:15:35,40TWL4,720,878,4.474,29,55,3.372,12
2022-05-20,05:15:40,40TWL4,893,943,4.19,37,71,2.988,12
2022-05-20,05:15:45,40TWL4,803,996,4.367,35,39,2.234,12
2022-05-20,05:15:50,40TWL4,947,903,4.774,26,100,2.198,12
2022-05-20,05:15:55,40TWL4,802,883,4.935,36,43,2.504,12
2022-05-20,05:16:00,40TWL4,821,860,5.476,25,74,2.832,12
2022-05-20,05:16:05,40TWL4,854,999,4.563,39,100,2.68,12
2022-05-20,05:16:10,40TWL4,923,941,5.338,27,71,2.736,12
2022-05-20,05:16:15,40TWL4,715,824,4.366,37,10,3.415,12
2022-05-20,05:16:20,40TWL4,824,875,5.085,26,44,2.889,12
2022-05-20,05:16:25,40TWL4,896,929,4.502,21,22,3.472,12
2022-05-20,05:16:30,40TWL4,915,821,5.123,22,34,2.661,12
2022-05-20,05:16:35,40TWL4,858,982,4.416,40,19,2.437,12
2022-05-20,05:16:40,40TWL4,861,867,4.718,30,34,2.342,12
2022-05-20,05:16:45,40TWL4,856,966,4.999,27,80,2.333,12
2022-05-20,05:16:50,40TWL4,716,911,4.9,33,98,2.36,12
2022-05-20,05:16:55,40TWL4,711,856,4.936,23,4,2.506,12
2022-05-20,05:17:00,40TWL4,904,892,5.007,21,71,3.462,12
2022-05-20,05:17:05,40TWL4,774,867,4.517,28,21,2.056,12
2022-05-20,05:17:10,40TWL4,891,864,4.312,38,61,2.941,12
2022-05-20,05:17:15,40TWL4,883,934,4.06,22,89,2.453,12
2022-05-20,05:17:20,40TWL4,997,860,4.679,27,13,2.385,12
2022-05-20,05:17:25,40TWL4,782,899,4.203,38,20,3.069,12
2022-05-20,05:17:30,40TWL4,963,942,4.131,39,17,3.487,12
2022-05-20,05:17:35,40TWL4,737,924,4.333,35,46,2.302,12
2022-05-20,05:17:40,40TWL4,750,942,4.07,30,36,2.403,12
2022-05-20,05:17:45,40TWL4,928,805,5.447,24,26,3.312,12
2022-05-20,05:17:50,40TWL4,897,991,5.133,33,54,2.679,12
2022-05-20,05:17:55,40TWL4,1000,960,4.485,37,5,2.233,12
2022-05-20,05:18:00,40TWL4,918,820,4.652,40,46,2.003,12
2022-05-20,05:18:05,40TWL4,726,820,4.899,38,76,3.244,12
2022-05-20,05:18:10,40TWL4,730,849,5.39,36,14,2.226,12
2022-05-20,05:18:15,40TWL4,935,880,5.349,33,36,3.31,12
2022-05-20,05:18:20,40TWL4,995,957,4.19,39,70,2.582,12
2022-05-20,05:18:25,40TWL4,749,925,5.349,37,6,3.273,12
2022-05-20,05:18:30,40TWL4,968,936,4.103,21,47,2.864,12
2022-05-20,05:18:35,40TWL4,753,999,5.323,32,54,3.417,12
2022-05-20,05:18:40,40TWL4,971,908,4.911,31,27,2.493,12
2022-05-20,05:18:45,40TWL4,921,851,4.221,36,33,3.188,12
2022-05-20,05:18:50,40TWL4,796,971,4.934,32,6,2.27,12
2022-05-20,05:18:55,40TWL4,812,821,4.386,39,28,2.346,12
2022-05-20,05:19:00,40TWL4,858,819,4.268,23,3,3.268,12
2022-05-20,05:19:05,40TWL4,865,927,4.713,26,52,2.189,12
2022-05-20,05:19:10,40TWL4,880,948,5.125,30,7,3.417,12
2022-05-20,05:19:15,40TWL4,723,890,4.983,34,65,2.688,12
2022-05-20,05:19:20,40TWL4,993,971,5.257,35,70,2.168,12
2022-05-20,05:19:25,40TWL4,862,993,5.447,21,3,3.072,12
2022-05-20,05:19:30,40TWL4,953,995,5.495,21,26,3.162,12
2022-05-20,05:19:35,40TWL4,827,849,5.217,30,32,3.292,12
2022-05-20,05:19:40,40TWL4,746,822,5.359,36,18,3.491,12
2022-05-20,05:19:45,40TWL4,707,803,4.44,24,16,2.185,12
2022-05-20,05:19:50,40TWL4,805,820,5.498,22,56,3.475,12
2022-05-20,05:19:55,40TWL4,923,868,4.736,20,38,2.771,12
2022-05-20,05:20:00,40TWL4,840,994,4.584,36,5,3.386,12
2022-05-20,05:20:05,40TWL4,726,925,4.96,34,87,2.641,12
2022-05-20,05:20:10,40TWL4,858,964,5.314,35,58,2.335,12
2022-05-20,05:20:15,40TWL4,822,913,5.405,22,52,3.123,12
2022-05-20,05:20:20,40TWL4,736,897,4.309,36,3,3.326,12
2022-05-20,05:20:25,40TWL4,780,830,4.118,34,29,2.295,12
2022-05-20,05:20:30,40TWL4,752,922,4.646,38,27,2.846,12
2022-05-20,05:20:35,40TWL4,852,894,4.515,33,16,3.424,12
2022-05-20,05:20:40,40TWL4,731,806,5.454,31,45,3.043,12
2022-05-20,05:20:45,40TWL4,785,803,5.111,36,81,2.334,12
2022-05-20,05:20:50,40TWL4,778,887,4.126,26,52,3.19,12
2022-05-20,05:20:55,40TWL4,752,847,4.78,29,53,3.498,12
2022-05-20,05:21:00,40TWL4,715,860,4.642,26,90,3.273,12
2022-05-20,05:21:05,40TWL4,939,928,4.895,30,71,3.304,12
2022-05-20,05:21:10,40TWL4,824,981,4.608,36,8,3.103,12
2022-05-20,05:21:15,40TWL4,959,902,4.673,29,25,2.618,12
2022-05-20,05:21:20,40TWL4,942,880,5.483,33,48,3.117,12
2022-05-20,05:21:25,40TWL4,937,966,5.005,22,99,2.446,12
2022-05-20,05:21:30,40TWL4,975,877,4.747,29,96,2.858,12
2022-05-20,05:21:35,40TWL4,963,862,4.832,29,68,3.358,12
2022-05-20,05:21:40,40TWL4,983,880,4.08,37,42,2.192,12
2022-05-20,05:21:45,40TWL4,803,943,4.732,32,97,2.638,12
2022-05-20,05:21:50,40TWL4,771,823,4.251,36,83,2.801,12
2022-05-20,05:21:55,40TWL4,809,891,5.203,34,9,3.115,12
2022-05-20,05:22:00,40TWL4,976,925,4.868,23,41,3.4,12
2022-05-20,05:22:05,40TWL4,783,806,4.922,32,71,3.066,12
2022-05-20,05:22:10,40TWL4,712,833,4.051,27,31,3.179,12
2022-05-20,05:22:15,40TWL4,826,920,4.423,38,47,3.333,12
2022-05-20,05:22:20,40TWL4,973,984,4.234,36,65,2.028,12
2022-05-20,05:22:25,40TWL4,932,868,4.038,34,19,2.034,12
2022-05-20,05:22:30,40TWL4,919,882,4.431,30,17,3.373,12
2022-05-20,05:22:35,40TWL4,994,945,5.234,25,66,3.429,12
2022-05-20,05:22:40,40TWL4,787,957,5.116,20,56,2.764,12
2022-05-20,05:22:45,40TWL4,909,852,4.17,37,36,2.058,12
2022-05-20,05:22:50,40TWL4,779,918,4.608,25,35,3.21,12
2022-05-20,05:22:55,40TWL4,840,852,5.267,39,44,2.375,12
2022-05-20,05:23:00,40TWL4,717,898,4.373,38,85,2.119,12
2022-05-20,05:23:05,40TWL4,826,987,4.874,35,98,3.436,12
2022-05-20,05:23:10,40TWL4,949,993,5.447,35,6,2.943,12
2022-05-20,05:23:15,40TWL4,719,969,4.763,35,74,2.719,12
2022-05-20,05:23:20,40TWL4,825,821,5.488,20,55,3.294,12
2022-05-20,05:23:25,40TWL4,789,824,4.255,35,65,3.224,12
2022-05-20,05:23:30,40TWL4,966,902,5.015,25,33,2.528,12
2022-05-20,05:23:35,40TWL4,901,858,4.779,29,96,3.097,12
2022-05-20,05:23:40,40TWL4,907,861,5.26,24,29,2.526,12
2022-05-20,05:23:45,40TWL4,728,805,4.047,34,37,3.09,12
2022-05-20,05:23:50,40TWL4,856,865,4.785,27,20,2.936,12
2022-05-20,05:23:55,40TWL4,760,996,4.795,36,75,2.494,12
2022-05-20,05:24:00,40TWL4,981,887,5.463,22,59,3.005,12
2022-05-20,05:24:05,40TWL4,801,840,4.528,26,40,3.112,12
2022-05-20,05:24:10,40TWL4,924,985,4.379,39,13,2.551,12
2022-05-20,05:24:15,40TWL4,819,877,4.961,33,1,2.086,12
2022-05-20,05:24:20,40TWL4,801,853,4.2,40,77,3.041,12
2022-05-20,05:24:25,40TWL4,708,935,4.736,27,89,3.493,12
2022-05-20,05:24:30,40TWL4,972,926,4.918,35,93,2.123,12
2022-05-20,05:24:35,40TWL4,819,915,4.557,30,43,2.851,12
2022-05-20,05:24:40,40TWL4,748,833,4.005,24,98,2.708,12
2022-05-20,05:24:45,40TWL4,764,842,4.121,37,15,3.194,12
2022-05-20,05:24:50,40TWL4,951,937,4.213,22,21,2.552,12
2022-05-20,05:24:55,40TWL4,940,956,4.432,23,93,3.075,12
2022-05-20,05:25:00,40TWL4,855,889,5.042,38,11,3.333,12
2022-05-20,05:25:05,40TWL4,798,893,4.443,33,86,2.099,12
2022-05-20,05:25:10,40TWL4,968,937,5.033,22,63,3.09,12
2022-05-20,05:25:15,40TWL4,819,860,5.4,29,55,2.823,12
2022-05-20,05:25:20,40TWL4,782,928,4.937,30,46,2.566,12
2022-05-20,05:25:25,40TWL4,880,812,5.31,23,59,3.331,12
2022-05-20,05:25:30,40TWL4,833,805,4.87,24,27,2.692,12
2022-05-20,05:25:35,40TWL4,852,961,5.073,27,5,3.382,12
2022-05-20,05:25:40,40TWL4,875,853,5.271,30,62,2.102,12
2022-05-20,05:25:45,40TWL4,833,894,4.576,23,38,3.495,12
2022-05-20,05:25:50,40TWL4,816,858,4.319,27,33,2.365,12
2022-05-20,05:25:55,40TWL4,849,923,4.437,30,19,2.717,12
2022-05-20,05:26:00,40TWL4,932,813,4.766,34,0,3.344,12
2022-05-20,05:26:05,40TWL4,707,909,4.369,26,71,2.758,12
2022-05-20,05:26:10,40TWL4,778,928,4.666,31,10,3.448,12
2022-05-20,05:26:15,40TWL4,876,825,4.239,24,48,2.733,12
2022-05-20,05:26:20,40TWL4,865,981,4.808,39,72,2.825,12
2022-05-20,05:26:25,40TWL4,856,915,4.21,27,98,2.559,12
2022-05-20,05:26:30,40TWL4,804,942,5.365,37,30,3.289,12
2022-05-20,05:26:35,40TWL4,807,929,4.026,25,71,2.591,12
2022-05-20,05:26:40,40TWL4,793,974,4.829,35,92,3.283,12
2022-05-20,05:26:45,40TWL4,871,892,5.253,28,22,3.478,12
2022-05-20,05:26:50,40TWL4,793,991,5.336,22,61,2.9,12
2022-05-20,05:26:55,40TWL4,769,860,4.009,36,20,2.727,12
2022-05-20,05:27:00,40TWL4,749,839,4.257,40,67,2.418,12
2022-05-20,05:27:05,40TWL4,708,820,4.492,35,29,2.792,12
2022-05-20,05:27:10,40TWL4,900,892,5.259,34,89,2.242,12
2022-05-20,05:27:15,40TWL4,838,825,5.129,23,74,2.558,12
2022-05-20,05:27:20,40TWL4,895,928,4.795,22,17,2.807,12
2022-05-20,05:27:25,40TWL4,780,976,4.353,35,30,2.256,12
2022-05-20,05:27:30,40TWL4,852,891,4.407,35,67,3.169,12
2022-05-20,05:27:35,40TWL4,946,944,5.01,30,3,3.26,12
2022-05-20,05:27:40,40TWL4,821,881,4.05,27,13,2.138,12
2022-05-20,05:27:45,40TWL4,915,896,4.469,27,37,2.582,12
2022-05-20,05:27:50,40TWL4,946,989,4.272,26,11,2.163,12
2022-05-20,05:27:55,40TWL4,986,930,4.193,32,87,2.598,12
2022-05-20,05:28:00,40TWL4,795,960,4.764,37,84,2.028,12
2022-05-20,05:28:05,40TWL4,960,983,5.192,38,35,3.466,12
2022-05-20,05:28:10,40TWL4,781,926,4.826,27,64,3.15,12
2022-05-20,05:28:15,40TWL4,713,952,4.683,22,62,2.762,12
2022-05-20,05:28:20,40TWL4,811,883,4.181,40,66,2.795,12
2022-05-20,05:28:25,40TWL4,920,888,4.789,26,56,3.165,12
2022-05-20,05:28:30,40TWL4,785,950,4.514,20,20,3.025,12
2022-05-20,05:28:35,40TWL4,721,929,4.713,38,17,2.089,12
2022-05-20,05:28:40,40TWL4,900,942,4.705,20,98,2.807,12
2022-05-20,05:28:45,40TWL4,991,859,4.035,28,61,2.195,12
2022-05-20,05:28:50,40TWL4,846,825,4.499,28,64,2.787,12
2022-05-20,05:28:55,40TWL4,809,1000,4.124,31,15,2.913,12
2022-05-20,05:29:00,40TWL4,701,919,4.161,21,2,3.037,12
2022-05-20,05:29:05,40TWL4,932,930,4.13,35,60,3.389,12
2022-05-20,05:29:10,40TWL4,902,906,4.413,25,12,3.434,12
2022-05-20,05:29:15,40TWL4,965,880,5.424,27,96,2.102,12
2022-05-20,05:29:20,40TWL4,765,807,4.728,24,69,2.635,12
2022-05-20,05:29:25,40TWL4,740,818,4.235,22,62,3.287,12
2022-05-20,05:29:30,40TWL4,856,881,4.673,34,86,3.087,12
2022-05-20,05:29:35,40TWL4,882,879,4.423,39,74,3.038,12
2022-05-20,05:29:40,40TWL4,714,881,4.548,37,49,2.318,12
2022-05-20,05:29:45,40TWL4,790,969,4.99,40,37,2.586,12
2022-05-20,05:29:50,40TWL4,873,901,4.267,37,19,2.333,12
2022-05-20,05:29:55,40TWL4,997,930,4.934,25,21,3.15,12
2022-05-20,05:30:00,40TWL4,983,850,4.862,38,18,2.171,12
2022-05-20,05:30:05,40TWL4,816,908,5.425,31,89,3.416,12
2022-05-20,05:30:10,40TWL4,910,830,4.505,25,41,3.072,12
2022-05-20,05:30:15,40TWL4,801,997,4.659,37,93,3.209,12
2022-05-20,05:30:20,40TWL4,948,810,4.149,33,23,3.434,12
2022-05-20,05:30:25,40TWL4,763,959,5.206,26,41,2.899,12
2022-05-20,05:30:30,40TWL4,942,837,4.031,34,64,3.238,12
2022-05-20,05:30:35,40TWL4,821,879,4.892,27,74,3.123,12
2022-05-20,05:30:40,40TWL4,992,991,5.092,36,96,2.18,12
2022-05-20,05:30:45,40TWL4,778,847,4.607,39,81,2.811,12
2022-05-20,05:30:50,40TWL4,820,926,4.93,39,63,2.823,12
2022-05-20,05:30:55,40TWL4,914,915,4.784,39,36,2.891,12
2022-05-20,05:31:00,40TWL4,803,895,4.084,23,56,2.103,12
2022-05-20,05:31:05,40TWL4,704,827,4.518,40,78,3.45,12
2022-05-20,05:31:10,40TWL4,952,910,4.512,22,40,2.581,12
2022-05-20,05:31:15,40TWL4,965,881,5.099,30,72,3.011,12
2022-05-20,05:31:20,40TWL4,940,815,5.491,37,37,3.171,12
2022-05-20,05:31:25,40TWL4,963,844,5.39,38,75,3.351,12
2022-05-20,05:31:30,40TWL4,829,878,5.038,35,86,3.204,12
2022-05-20,05:31:35,40TWL4,975,919,4.798,22,57,2.104,12
2022-05-20,05:31:40,40TWL4,893,946,4.392,30,44,2.831,12
2022-05-20,05:31:45,40TWL4,888,964,4.257,32,95,2.653,12
2022-05-20,05:31:50,40TWL4,746,803,4.461,37,100,2.541,12
2022-05-20,05:31:55,40TWL4,862,920,4.401,38,92,2.933,12
2022-05-20,05:32:00,40TWL4,773,857,4.928,40,73,2.115,12
2022-05-20,05:32:05,40TWL4,703,866,5.386,39,67,2.905,12
2022-05-20,05:32:10,40TWL4,907,819,4.656,36,59,3.23,12
2022-05-20,05:32:15,40TWL4,901,891,5.348,23,81,3.192,12
2022-05-20,05:32:20,40TWL4,905,812,4.37,30,93,2.825,12
2022-05-20,05:32:25,40TWL4,886,840,4.11,36,95,3.466,12
2022-05-20,05:32:30,40TWL4,967,884,5.373,30,41,2.008,12
2022-05-20,05:32:35,40TWL4,979,960,5.03,21,81,2.986,12
2022-05-20,05:32:40,40TWL4,790,987,4.904,38,85,2.868,12
2022-05-20,05:32:45,40TWL4,898,856,4.578,37,8,2.301,12
2022-05-20,05:32:50,40TWL4,863,966,4.899,39,29,3.327,12
2022-05-20,05:32:55,40TWL4,864,905,5.335,28,80,2.824,12
2022-05-20,05:33:00,40TWL4,904,840,4.673,22,30,2.035,12
2022-05-20,05:33:05,40TWL4,995,918,5.173,37,27,3.119,12
2022-05-20,05:33:10,40TWL4,734,860,4.046,31,29,2.281,12
2022-05-20,05:33:15,40TWL4,911,966,5.398,40,97,2.16,12
2022-05-20,05:33:20,40TWL4,902,818,4.017,24,30,2.57,12
2022-05-20,05:33:25,40TWL4,739,888,5.354,40,53,2.885,12
2022-05-20,05:33:30,40TWL4,778,879,4.516,37,55,3.025,12
2022-05-20,05:33:35,40TWL4,757,879,4.243,32,88,3.356,12
2022-05-20,05:33:40,40TWL4,982,960,4.683,25,22,2.694,12
2022-05-20,05:33:45,40TWL4,926,927,4.705,27,31,2.905,12
2022-05-20,05:33:50,40TWL4,716,841,4.941,33,98,2.844,12
2022-05-20,05:33:55,40TWL4,986,907,5.204,34,55,3.099,12
2022-05-20,05:34:00,40TWL4,702,903,4.332,34,67,2.544,12
2022-05-20,05:34:05,40TWL4,756,957,4.414,39,100,3.181,12
2022-05-20,05:34:10,40TWL4,998,877,4.097,31,66,2.761,12
2022-05-20,05:34:15,40TWL4,781,905,5.194,40,30,3.497,12
2022-05-20,05:34:20,40TWL4,894,994,5.206,24,24,2.219,12
2022-05-20,05:34:25,40TWL4,824,904,4.433,20,80,2.161,12
2022-05-20,05:34:30,40TWL4,903,987,4.688,39,72,3.03,12
2022-05-20,05:34:35,40TWL4,754,836,5.344,26,16,2.04,12
2022-05-20,05:34:40,40TWL4,968,843,5.324,29,9,3.439,12
2022-05-20,05:34:45,40TWL4,915,843,4.253,20,72,3.265,12
2022-05-20,05:34:50,40TWL4,871,832,5.201,22,34,2.463,12
2022-05-20,05:34:55,40TWL4,712,857,4.751,21,77,2.747,12
2022-05-20,05:35:00,40TWL4,824,977,4.723,25,16,3.405,12
2022-05-20,05:35:05,40TWL4,815,968,4.206,35,47,2.445,12
2022-05-20,05:35:10,40TWL4,823,910,4.585,31,10,3.255,12
2022-05-20,05:35:15,40TWL4,735,916,4.81,37,66,2.888,12
2022-05-20,05:35:20,40TWL4,719,805,4.504,31,72,2.575,12
2022-05-20,05:35:25,40TWL4,838,909,5.173,32,55,3.161,12
2022-05-20,05:35:30,40TWL4,713,817,4.036,31,31,2.526,12
2022-05-20,05:35:35,40TWL4,768,979,4.001,33,85,3.452,12
2022-05-20,05:35:40,40TWL4,758,849,4.295,21,2,3.311,12
2022-05-20,05:35:45,40TWL4,792,976,5.381,24,67,3.348,12
2022-05-20,05:35:50,40TWL4,858,828,4.427,40,83,2.14,12
2022-05-20,05:35:55,40TWL4,954,874,4.722,40,22,3.238,12
2022-05-20,05:36:00,40TWL4,840,841,4.075,34,52,2.67,12
2022-05-20,05:36:05,40TWL4,878,991,4.068,39,19,2.728,12
2022-05-20,05:36:10,40TWL4,997,824,4.136,32,93,3.48,12
2022-05-20,05:36:15,40TWL4,853,844,4.427,37,48,2.988,12
2022-05-20,05:36:20,40TWL4,800,923,4.004,38,37,3.322,12
2022-05-20,05:36:25,40TWL4,703,815,5.234,24,29,3.154,12
2022-05-20,05:36:30,40TWL4,856,922,5.477,24,96,3.3,12
2022-05-20,05:36:35,40TWL4,760,814,4.192,30,84,3.383,12
2022-05-20,05:36:40,40TWL4,703,879,4.608,21,48,2.163,12
2022-05-20,05:36:45,40TWL4,968,986,4.654,34,45,2.996,12
2022-05-20,05:36:50,40TWL4,935,827,4.769,36,87,2.459,12
2022-05-20,05:36:55,40TWL4,804,918,5.036,33,49,2.154,12
2022-05-20,05:37:00,40TWL4,991,852,4.651,22,78,3.155,12
2022-05-20,05:37:05,40TWL4,828,988,5.209,22,78,2.297,12
2022-05-20,05:37:10,40TWL4,1000,944,4.047,26,29,2.365,12
2022-05-20,05:37:15,40TWL4,705,993,4.821,34,25,2.383,12
2022-05-20,05:37:20,40TWL4,961,820,4.657,36,38,3.482,12
